date,0.01,0.05,0.1
2014-10-27,-0.003597855567932129,-0.003340214490890503,-0.002386808395385742
2014-10-28,0.00969657301902771,0.009928256273269653,0.010834332555532455
2014-10-29,-0.0031388550996780396,-0.002881854772567749,-0.001929953694343567
2014-10-30,0.0041134655475616455,0.004356056451797485,0.005281984806060791
2014-10-31,0.00945386290550232,0.009686052799224854,0.010593116283416748
2014-11-03,-0.0019415467977523804,-0.001687556505203247,-0.0007402859628200531
2014-11-04,-0.004651248455047607,-0.004391968250274658,-0.003435034304857254
2014-11-05,0.003396138548851013,0.0036398768424987793,0.004568286240100861
2014-11-06,0.0017957687377929688,0.0020423531532287598,0.002976261079311371
2014-11-07,-0.0016125738620758057,-0.0013594329357147217,-0.00041342154145240784
2014-11-10,0.001182854175567627,0.0014303326606750488,0.00236622616648674
2014-11-11,-0.0012611299753189087,-0.001009136438369751,-6.46151602268219e-05
2014-11-12,-0.0028129518032073975,-0.0025579631328582764,-0.0016079209744930267
2014-11-13,-0.0014667659997940063,-0.0012142658233642578,-0.0002688951790332794
2014-11-14,-0.0017649531364440918,-0.0015124678611755371,-0.0005662888288497925
2014-11-17,-0.001300320029258728,-0.0010487735271453857,-0.00010424479842185974
2014-11-18,0.00331135094165802,0.0035538971424102783,0.004481971263885498
2014-11-19,-0.003806173801422119,-0.003549724817276001,-0.0025961995124816895
2014-11-20,7.876753807067871e-05,0.0003275573253631592,0.0012670941650867462
2014-11-21,0.002981320023536682,0.0032248198986053467,0.00415433943271637
2014-11-24,0.001130625605583191,0.0013772249221801758,0.002313029021024704
2014-11-25,-0.0029214024543762207,-0.002666950225830078,-0.0017167702317237854
2014-11-26,0.0005509406328201294,0.0007985234260559082,0.0017362944781780243
2014-11-28,-0.00458391010761261,-0.0043264031410217285,-0.003370370715856552
2014-12-01,-0.008810877799987793,-0.00854480266571045,-0.007573477923870087
2014-12-02,0.004265397787094116,0.0045059919357299805,0.005430683493614197
2014-12-03,0.0016549378633499146,0.0019004642963409424,0.0028343312442302704
2014-12-04,-0.0032133162021636963,-0.0029582977294921875,-0.002006974071264267
2014-12-05,-0.00026670098304748535,-1.7374753952026367e-05,0.0009234100580215454
2014-12-08,-0.009047344326972961,-0.008780807256698608,-0.00780864804983139
2014-12-09,-0.0024415552616119385,-0.0021871626377105713,-0.0012379027903079987
2014-12-10,-0.018191009759902954,-0.017906099557876587,-0.01690107025206089
2014-12-11,0.0022649914026260376,0.002510756254196167,0.0034433528780937195
2014-12-12,-0.01771491765975952,-0.017429977655410767,-0.016426218673586845
2014-12-15,-0.009001970291137695,-0.00873255729675293,-0.007758840918540955
2014-12-16,-0.010042548179626465,-0.009770601987838745,-0.00879303365945816
2014-12-17,0.017408519983291626,0.017628401517868042,0.0185089148581028
2014-12-18,0.021840453147888184,0.02205035090446472,0.022914353758096695
2014-12-19,0.00255429744720459,0.002800554037094116,0.0037323497235774994
2014-12-22,0.0019582808017730713,0.00220489501953125,0.003138408064842224
2014-12-23,-0.0003504455089569092,-9.989738464355469e-05,0.0008415766060352325
2014-12-24,-0.00217282772064209,-0.0019193589687347412,-0.0009717121720314026
2014-12-26,0.001503273844718933,0.001749485731124878,0.002684038132429123
2014-12-29,-0.0012120157480239868,-0.0009606778621673584,-1.654401421546936e-05
2014-12-30,-0.00706830620765686,-0.0068056583404541016,-0.005840688943862915
2014-12-31,-0.01234060525894165,-0.012067526578903198,-0.01108366809785366
2015-01-02,-0.00237959623336792,-0.002124577760696411,-0.0011753812432289124
2015-01-05,-0.020153164863586426,-0.019863754510879517,-0.01885146275162697
2015-01-06,-0.011375665664672852,-0.011101901531219482,-0.010120071470737457
2015-01-07,0.00966489315032959,0.009897470474243164,0.010804194957017899
2015-01-08,0.01566055417060852,0.01588118076324463,0.016766496002674103
2015-01-09,-0.010194554924964905,-0.009923934936523438,-0.00894685834646225
2015-01-12,-0.010107368230819702,-0.009836733341217041,-0.00885990634560585
2015-01-13,-0.004752829670906067,-0.004491031169891357,-0.0035320036113262177
2015-01-14,-0.007901608943939209,-0.007634162902832031,-0.006664391607046127
2015-01-15,-0.011172056198120117,-0.01089826226234436,-0.009917076677083969
2015-01-16,0.011035323143005371,0.011265724897384644,0.012167729437351227
2015-01-20,-0.0002984851598739624,-4.604458808898926e-05,0.0008963644504547119
2015-01-21,0.002895742654800415,0.0031421780586242676,0.004073396325111389
2015-01-22,0.013073354959487915,0.013299524784088135,0.014194227755069733
2015-01-23,-0.007648095488548279,-0.007382869720458984,-0.006415192037820816
2015-01-26,0.00045740604400634766,0.0007068216800689697,0.0016456954181194305
2015-01-27,-0.015230566263198853,-0.01495024561882019,-0.013955127447843552
2015-01-28,-0.01550312340259552,-0.015221834182739258,-0.014225659891963005
2015-01-29,0.007388472557067871,0.007626235485076904,0.00854148343205452
2015-01-30,-0.01498401165008545,-0.014703184366226196,-0.013708595186471939
2015-02-02,0.010646820068359375,0.010879099369049072,0.011783134192228317
2015-02-03,0.012170717120170593,0.012399047613143921,0.013297196477651596
2015-02-04,-0.006108775734901428,-0.005845248699188232,-0.0048823729157447815
2015-02-05,0.008172884583473206,0.008407950401306152,0.009319629520177841
2015-02-06,-0.005308106541633606,-0.0050469934940338135,-0.004087395966053009
2015-02-09,-0.006371542811393738,-0.006108760833740234,-0.005145616829395294
2015-02-10,0.00853148102760315,0.008765369653701782,0.009675595909357071
2015-02-11,-0.002013087272644043,-0.0017591118812561035,-0.0008116066455841064
2015-02-12,0.007549762725830078,0.007785141468048096,0.008698638528585434
2015-02-13,0.002130284905433655,0.0023758113384246826,0.003308326005935669
2015-02-17,-0.0006115436553955078,-0.00036087632179260254,0.0005813762545585632
2015-02-18,-0.0020908713340759277,-0.0018373727798461914,-0.000889848917722702
2015-02-19,-0.002999216318130493,-0.0027440786361694336,-0.0017934255301952362
2015-02-20,0.003953799605369568,0.004195570945739746,0.0051216259598731995
2015-02-23,-0.0022888481616973877,-0.002035290002822876,-0.001087229698896408
2015-02-24,0.0008842349052429199,0.0011316537857055664,0.0020684339106082916
2015-02-25,-0.0029040873050689697,-0.0026494264602661133,-0.0016992166638374329
2015-02-26,-0.0034086108207702637,-0.0031527578830718994,-0.0022006407380104065
2015-02-27,-0.004988521337509155,-0.004729777574539185,-0.0037721917033195496
2015-03-02,0.0038780122995376587,0.00411948561668396,0.005045577883720398
2015-03-03,-0.006347626447677612,-0.006086170673370361,-0.005123618990182877
2015-03-04,-0.0063287317752838135,-0.006067067384719849,-0.00510445237159729
2015-03-05,-0.0008639693260192871,-0.0006133615970611572,0.0003295876085758209
2015-03-06,-0.01628279685974121,-0.01600193977355957,-0.015003923326730728
2015-03-09,0.0019149631261825562,0.002160310745239258,0.0030934885144233704
2015-03-10,-0.018514618277549744,-0.018229156732559204,-0.01722300611436367
2015-03-11,-0.004374995827674866,-0.0041169822216033936,-0.003161240369081497
2015-03-12,0.01031416654586792,0.01054370403289795,0.011447321623563766
2015-03-13,-0.008049190044403076,-0.007783681154251099,-0.006814636290073395
2015-03-16,0.011259496212005615,0.01148727536201477,0.012387461960315704
2015-03-17,-0.005190610885620117,-0.0049311816692352295,-0.003972586244344711
2015-03-18,0.009947210550308228,0.01017865538597107,0.011084303259849548
2015-03-19,-0.006657004356384277,-0.006394535303115845,-0.005430702120065689
2015-03-20,0.006935372948646545,0.007171452045440674,0.008087042719125748
2015-03-23,-0.003805816173553467,-0.00354921817779541,-0.0025957003235816956
2015-03-24,-0.008123308420181274,-0.007858306169509888,-0.006889406591653824
2015-03-25,-0.016643360257148743,-0.016361504793167114,-0.0153620894998312
2015-03-26,-0.0043936967849731445,-0.004135102033615112,-0.003178931772708893
2015-03-27,0.00012801587581634521,0.0003775358200073242,0.0013173632323741913
2015-03-30,0.01024867594242096,0.01047864556312561,0.011382617056369781
2015-03-31,-0.010650500655174255,-0.010380089282989502,-0.009401950985193253
2015-04-01,-0.006073206663131714,-0.005811214447021484,-0.004849053919315338
2015-04-02,0.0013736486434936523,0.0016207098960876465,0.002556074410676956
2015-04-06,0.004745006561279297,0.004985541105270386,0.005908939987421036
2015-04-07,-0.0042719244956970215,-0.004014253616333008,-0.00305899977684021
2015-04-08,0.0007283836603164673,0.0009770691394805908,0.00191497802734375
2015-04-09,0.0024364590644836426,0.0026813745498657227,0.003612987697124481
2015-04-10,0.003212869167327881,0.0034558773040771484,0.004384424537420273
2015-04-13,-0.006459444761276245,-0.00619778037071228,-0.005234900861978531
2015-04-14,-0.0003896653652191162,-0.00013950467109680176,0.0008020177483558655
2015-04-15,0.002826124429702759,0.0030698180198669434,0.003999792039394379
2015-04-16,-0.002559572458267212,-0.0023055076599121094,-0.0013564787805080414
2015-04-17,-0.013464659452438354,-0.013189166784286499,-0.012201091274619102
2015-04-20,0.0071329474449157715,0.007368415594100952,0.008283168077468872
2015-04-21,-0.0033318400382995605,-0.003076225519180298,-0.002124406397342682
2015-04-22,0.0029507875442504883,0.0031943023204803467,0.004123833030462265
2015-04-23,0.0003881007432937622,0.0006365180015563965,0.0015751533210277557
2015-04-24,0.00026001036167144775,0.0005085170269012451,0.0014474503695964813
2015-04-27,-0.006151795387268066,-0.005890697240829468,-0.004928842186927795
2015-04-28,0.000792279839515686,0.0010403990745544434,0.0019778572022914886
2015-04-29,-0.005897253751754761,-0.005636155605316162,-0.004674933850765228
2015-04-30,-0.01210087537765503,-0.011827588081359863,-0.010844239965081215
2015-05-01,0.008615314960479736,0.008848339319229126,0.00975804403424263
2015-05-04,0.0010774433612823486,0.0013247132301330566,0.0022609196603298187
2015-05-05,-0.013834506273269653,-0.013558149337768555,-0.012568831443786621
2015-05-06,-0.006327033042907715,-0.0060641467571258545,-0.005100876092910767
2015-05-07,0.0016076713800430298,0.00185433030128479,0.002788923680782318
2015-05-08,0.011177003383636475,0.011405140161514282,0.012305937707424164
2015-05-11,-0.006992369890213013,-0.006729453802108765,-0.00576452910900116
2015-05-12,-0.0049616992473602295,-0.00470203161239624,-0.0037438608705997467
2015-05-13,-0.002262219786643982,-0.002008289098739624,-0.0010600201785564423
2015-05-14,0.008451491594314575,0.00868445634841919,0.009594522416591644
2015-05-15,-0.0010476559400558472,-0.0007964968681335449,0.00014718249440193176
2015-05-18,0.0009132921695709229,0.0011605322360992432,0.002097148448228836
2015-05-19,-0.002494901418685913,-0.0022411346435546875,-0.0012924373149871826
2015-05-20,-0.002971664071083069,-0.002716928720474243,-0.0017664730548858643
2015-05-21,0.00045490264892578125,0.0007028877735137939,0.0016410835087299347
2015-05-22,-0.004257857799530029,-0.004000723361968994,-0.0030458010733127594
2015-05-26,-0.012360155582427979,-0.01208716630935669,-0.01110328920185566
2015-05-27,0.006994917988777161,0.007230490446090698,0.008145619183778763
2015-05-28,-0.003180861473083496,-0.0029256045818328857,-0.0019743479788303375
2015-05-29,-0.00833137333393097,-0.008066028356552124,-0.007096398621797562
2015-06-01,-2.536177635192871e-05,0.00022423267364501953,0.0011645406484603882
2015-06-02,-0.0030433237552642822,-0.002788037061691284,-0.0018370933830738068
2015-06-03,0.0002469867467880249,0.0004956722259521484,0.0014348030090332031
2015-06-04,-0.010517805814743042,-0.010248005390167236,-0.009270474314689636
2015-06-05,-0.0037256330251693726,-0.003468930721282959,-0.002515539526939392
2015-06-08,-0.008382856845855713,-0.008117645978927612,-0.007147938013076782
2015-06-09,-0.0017842203378677368,-0.0015315711498260498,-0.0005852431058883667
2015-06-10,0.009730994701385498,0.009961456060409546,0.010866992175579071
2015-06-11,0.0002406686544418335,0.0004892349243164062,0.001428317278623581
2015-06-12,-0.009195208549499512,-0.008928358554840088,-0.00795571506023407
2015-06-15,-0.006567656993865967,-0.006305426359176636,-0.005341656506061554
2015-06-16,0.0035884976387023926,0.003830820322036743,0.00475812703371048
2015-06-17,-5.030632019042969e-05,0.00019922852516174316,0.0011395998299121857
2015-06-18,0.007644429802894592,0.007879018783569336,0.008791986852884293
2015-06-19,-0.007299304008483887,-0.0070362091064453125,-0.006070408970117569
2015-06-22,0.00428636372089386,0.004527449607849121,0.005452435463666916
2015-06-23,-0.0014126002788543701,-0.0011609196662902832,-0.00021606683731079102
2015-06-24,-0.00926712155342102,-0.009000331163406372,-0.008027579635381699
2015-06-25,-0.005019575357437134,-0.0047608911991119385,-0.0038031600415706635
2015-06-26,-0.0023089051246643066,-0.002055257558822632,-0.0011070631444454193
2015-06-29,-0.023199111223220825,-0.02290475368499756,-0.021881991997361183
2015-06-30,0.0004915446043014526,0.0007406175136566162,0.0016794390976428986
2015-07-01,0.005132153630256653,0.005372047424316406,0.006294209510087967
2015-07-02,-0.002735629677772522,-0.0024809837341308594,-0.0015311762690544128
2015-07-06,-0.00559881329536438,-0.005337804555892944,-0.004377271980047226
2015-07-07,0.004164397716522217,0.004407167434692383,0.005333278328180313
2015-07-08,-0.018756017088890076,-0.018469184637069702,-0.01746177487075329
2015-07-09,8.299946784973145e-05,0.0003336966037750244,0.0012747421860694885
2015-07-10,0.010171502828598022,0.010402292013168335,0.01130712777376175
2015-07-13,0.008951365947723389,0.0091838538646698,0.010092433542013168
2015-07-14,0.002449333667755127,0.0026938319206237793,0.0036250874400138855
2015-07-15,-0.002502143383026123,-0.002248138189315796,-0.0012992806732654572
2015-07-16,0.005731269717216492,0.005969256162643433,0.006888795644044876
2015-07-17,-0.000943303108215332,-0.0006926655769348145,0.00025046616792678833
2015-07-20,-0.0012774765491485596,-0.0010261237621307373,-8.178502321243286e-05
2015-07-21,-0.006197452545166016,-0.0059365928173065186,-0.004974775016307831
2015-07-22,-0.004405170679092407,-0.004147738218307495,-0.0031922124326229095
2015-07-23,-0.007589384913444519,-0.007325798273086548,-0.00635899230837822
2015-07-24,-0.012709438800811768,-0.012435823678970337,-0.011450719088315964
2015-07-27,-0.007684677839279175,-0.007420092821121216,-0.006452430039644241
2015-07-28,0.010122090578079224,0.010352075099945068,0.011256303638219833
2015-07-29,0.005149915814399719,0.005389392375946045,0.006311208009719849
2015-07-30,-0.0017993748188018799,-0.0015464723110198975,-0.0005999952554702759
2015-07-31,-0.003935664892196655,-0.0036788582801818848,-0.0027249082922935486
2015-08-03,-0.005225688219070435,-0.0049661993980407715,-0.004007522016763687
2015-08-04,-0.004238888621330261,-0.003981441259384155,-0.0030263587832450867
2015-08-05,0.0011510848999023438,0.001398235559463501,0.0023343339562416077
2015-08-06,-0.009730294346809387,-0.009462147951126099,-0.008487518876791
2015-08-07,-0.004832953214645386,-0.004574209451675415,-0.0036168955266475677
2015-08-10,0.010485038161277771,0.010714024305343628,0.011616956442594528
2015-08-11,-0.011332586407661438,-0.01106107234954834,-0.010080497711896896
2015-08-12,-0.0011545419692993164,-0.0009016990661621094,4.3369829654693604e-05
2015-08-13,-0.0033316314220428467,-0.003075510263442993,-0.0021233782172203064
2015-08-14,0.00187721848487854,0.002122938632965088,0.0030563436448574066
2015-08-17,0.0031255483627319336,0.003369063138961792,0.004298198968172073
2015-08-18,-0.004667237401008606,-0.0044089555740356445,-0.0034523755311965942
2015-08-19,-0.010160267353057861,-0.009890228509902954,-0.00891340896487236
2015-08-20,-0.02310425043106079,-0.022808879613876343,-0.021785836666822433
2015-08-21,-0.034212127327919006,-0.03389275074005127,-0.032828785479068756
2015-08-24,-0.04243633151054382,-0.04205170273780823,-0.040924180299043655
2015-08-25,-0.015495970845222473,-0.01519736647605896,-0.014191586524248123
2015-08-26,0.035907894372940063,0.036111027002334595,0.036936137825250626
2015-08-27,0.02196323871612549,0.02218911051750183,0.023060191422700882
2015-08-28,-0.0016734600067138672,-0.001405864953994751,-0.0004535168409347534
2015-08-31,-0.010299980640411377,-0.010022282600402832,-0.009041957557201385
2015-09-01,-0.03173404932022095,-0.03141307830810547,-0.030354276299476624
2015-09-02,0.015822768211364746,0.016048699617385864,0.016936074942350388
2015-09-03,-0.000945553183555603,-0.0006887614727020264,0.0002570338547229767
2015-09-04,-0.01733998954296112,-0.017050594091415405,-0.01604575477540493
2015-09-08,0.022667869925498962,0.02287939190864563,0.02374202385544777
2015-09-09,-0.01576980948448181,-0.015484899282455444,-0.014486545696854591
2015-09-10,0.003080412745475769,0.0033288002014160156,0.004259984940290451
2015-09-11,0.0022357702255249023,0.0024852454662323,0.003419138491153717
2015-09-14,-0.005864948034286499,-0.005600482225418091,-0.004638206213712692
2015-09-15,0.010788783431053162,0.011020928621292114,0.01192399114370346
2015-09-16,0.006477862596511841,0.0067182183265686035,0.007636547088623047
2015-09-17,-0.004430413246154785,-0.0041664838790893555,-0.0032078586518764496
2015-09-18,-0.01830151677131653,-0.01801130175590515,-0.017003526911139488
2015-09-21,0.0026491284370422363,0.0028980374336242676,0.003830607980489731
2015-09-22,-0.01461726427078247,-0.014334022998809814,-0.013339310884475708
2015-09-23,-0.0039329975843429565,-0.0036713778972625732,-0.002715498208999634
2015-09-24,-0.0052572935819625854,-0.004994004964828491,-0.004033468663692474
2015-09-25,-0.002509474754333496,-0.002251744270324707,-0.0013010762631893158
2015-09-28,-0.028011053800582886,-0.027704477310180664,-0.026663292199373245
2015-09-29,-0.0009962022304534912,-0.0007409453392028809,0.0002047233283519745
2015-09-30,0.016261324286460876,0.016483813524246216,0.01736878603696823
2015-10-01,0.0005939304828643799,0.0008463859558105469,0.001786455512046814
2015-10-02,0.01215815544128418,0.012389212846755981,0.013289261609315872
2015-10-05,0.016064614057540894,0.016286194324493408,0.017170753329992294
2015-10-06,-0.0054597556591033936,-0.005197346210479736,-0.0042368099093437195
2015-10-07,0.005888074636459351,0.006129056215286255,0.00704965740442276
2015-10-08,0.006774157285690308,0.007012665271759033,0.007929682731628418
2015-10-09,-0.0012333393096923828,-0.0009801387786865234,-3.5122036933898926e-05
2015-10-12,-0.0008671879768371582,-0.000615239143371582,0.0003282502293586731
2015-10-13,-0.008698523044586182,-0.00843125581741333,-0.0074598416686058044
2015-10-14,-0.00685495138168335,-0.006591051816940308,-0.00562606006860733
2015-10-15,0.012824967503547668,0.013050645589828491,0.013945624232292175
2015-10-16,0.002432703971862793,0.002678215503692627,0.003609970211982727
2015-10-19,-0.0014708638191223145,-0.0012178122997283936,-0.00027217715978622437
2015-10-20,-0.0033955425024032593,-0.003138810396194458,-0.0021863803267478943
2015-10-21,-0.008029311895370483,-0.007763206958770752,-0.006794072687625885
2015-10-22,0.014424383640289307,0.014646917581558228,0.01553633064031601
2015-10-23,0.009010672569274902,0.009243696928024292,0.010152429342269897
2015-10-26,-0.004124060273170471,-0.003866255283355713,-0.0029114186763763428
2015-10-27,-0.004389584064483643,-0.004131138324737549,-0.0031751617789268494
2015-10-28,0.00958375632762909,0.009815990924835205,0.010722879320383072
2015-10-29,-0.002378225326538086,-0.002123802900314331,-0.00117507204413414
2015-10-30,-0.0067368000745773315,-0.006473928689956665,-0.005509708076715469
2015-11-02,0.009638190269470215,0.009869217872619629,0.010775163769721985
2015-11-03,0.0008086860179901123,0.001056671142578125,0.001993972808122635
2015-11-04,-0.00543665885925293,-0.005176424980163574,-0.004216823726892471
2015-11-05,-0.003207281231880188,-0.00295141339302063,-0.00199977308511734
2015-11-06,-0.002423912286758423,-0.0021695196628570557,-0.0012206360697746277
2015-11-09,-0.011781930923461914,-0.011509120464324951,-0.010526787489652634
2015-11-10,-0.000446319580078125,-0.00019565224647521973,0.000746212899684906
2015-11-11,-0.0054486095905303955,-0.005188554525375366,-0.004229050129652023
2015-11-12,-0.01599656045436859,-0.015715479850769043,-0.014718059450387955
2015-11-13,-0.01323544979095459,-0.012959897518157959,-0.011972501873970032
2015-11-16,0.012642711400985718,0.012868344783782959,0.013763964176177979
2015-11-17,-0.003266245126724243,-0.0030094683170318604,-0.002057179808616638
2015-11-18,0.013910770416259766,0.014134198427200317,0.015025410801172256
2015-11-19,-0.0030985474586486816,-0.002842724323272705,-0.0018914565443992615
2015-11-20,0.001814424991607666,0.002060621976852417,0.002994425594806671
2015-11-23,-0.003224506974220276,-0.0029686391353607178,-0.002017024904489517
2015-11-24,-0.0007101297378540039,-0.0004589557647705078,0.0004838816821575165
2015-11-25,-0.002177029848098755,-0.001923590898513794,-0.0009759031236171722
2015-11-27,-0.001484200358390808,-0.001232236623764038,-0.00028710439801216125
2015-11-30,-0.006206780672073364,-0.00594562292098999,-0.004983577877283096
2015-12-01,0.008024588227272034,0.008258670568466187,0.009170420467853546
2015-12-02,-0.012793108820915222,-0.012519091367721558,-0.011533604934811592
2015-12-03,-0.016391992568969727,-0.01611006259918213,-0.015111224725842476
2015-12-04,0.017807096242904663,0.01802322268486023,0.01890074834227562
2015-12-07,-0.008697137236595154,-0.008429646492004395,-0.00745796412229538
2015-12-08,-0.008469775319099426,-0.008201897144317627,-0.007230289280414581
2015-12-09,-0.009768903255462646,-0.00949820876121521,-0.008522093296051025
2015-12-10,0.00017914175987243652,0.00043001770973205566,0.0013703852891921997
2015-12-11,-0.02165350317955017,-0.021360188722610474,-0.02034190483391285
2015-12-14,0.0029336214065551758,0.0031814873218536377,0.004113446921110153
2015-12-15,0.008372515439987183,0.008607923984527588,0.009519577026367188
2015-12-16,0.012236297130584717,0.012464463710784912,0.013362385332584381
2015-12-17,-0.016959846019744873,-0.01667538285255432,-0.015673920512199402
2015-12-18,-0.020045146346092224,-0.01975443959236145,-0.018741849809885025
2015-12-21,0.005727335810661316,0.005967527627944946,0.006888233125209808
2015-12-22,0.006848663091659546,0.007086247205734253,0.008002646267414093
2015-12-23,0.010234460234642029,0.010465055704116821,0.011369213461875916
2015-12-24,-0.0036025047302246094,-0.0033457279205322266,-0.0023927390575408936
2015-12-28,-0.0041387975215911865,-0.0038809776306152344,-0.002926003187894821
2015-12-29,0.00839434564113617,0.008627861738204956,0.009538363665342331
2015-12-30,-0.009197264909744263,-0.008930057287216187,-0.00795728713274002
2015-12-31,-0.01153293251991272,-0.011260837316513062,-0.010279543697834015
2016-01-04,-0.017106324434280396,-0.0168209969997406,-0.015817636623978615
2016-01-05,-5.479156970977783e-05,0.00019618868827819824,0.0011372193694114685
2016-01-06,-0.0151214599609375,-0.014840126037597656,-0.013844557106494904
2016-01-07,-0.026105254888534546,-0.02579912543296814,-0.024762321263551712
2016-01-08,-0.013073712587356567,-0.012794315814971924,-0.011805325746536255
2016-01-11,-0.0011432170867919922,-0.0008862912654876709,6.054341793060303e-05
2016-01-12,0.005954667925834656,0.006198078393936157,0.007119808346033096
2016-01-13,-0.027334272861480713,-0.027025938034057617,-0.02598564326763153
2016-01-14,0.01423594355583191,0.014463961124420166,0.015356585383415222
2016-01-15,-0.023660242557525635,-0.023357361555099487,-0.022328125312924385
2016-01-19,-0.0013579130172729492,-0.0010999441146850586,-0.00015199556946754456
2016-01-20,-0.013687461614608765,-0.013400346040725708,-0.012405499815940857
2016-01-21,0.002927452325820923,0.003181159496307373,0.004115968942642212
2016-01-22,0.018129408359527588,0.018350303173065186,0.019229255616664886
2016-01-25,-0.017545998096466064,-0.017257660627365112,-0.016253123059868813
2016-01-26,0.011833429336547852,0.012065798044204712,0.012966569513082504
2016-01-27,-0.01281745731830597,-0.012538015842437744,-0.011549631133675575
2016-01-28,0.003237903118133545,0.003487884998321533,0.004420056939125061
2016-01-29,0.021533310413360596,0.02174520492553711,0.022610586136579514
2016-02-01,-0.0017059743404388428,-0.0014483630657196045,-0.0004999488592147827
2016-02-02,-0.020638346672058105,-0.020344406366348267,-0.019328905269503593
2016-02-03,0.002988085150718689,0.003240436315536499,0.004174370318651199
2016-02-04,-0.0005575716495513916,-0.0002994239330291748,0.0006464011967182159
2016-02-05,-0.0206739604473114,-0.0203782320022583,-0.019361868500709534
2016-02-08,-0.016076087951660156,-0.015787065029144287,-0.014785479754209518
2016-02-09,-0.002613574266433716,-0.002348273992538452,-0.0013934820890426636
2016-02-10,-0.0024705231189727783,-0.0022085607051849365,-0.0012561231851577759
2016-02-11,-0.014516770839691162,-0.01423037052154541,-0.013234090059995651
2016-02-12,0.01732051372528076,0.017542332410812378,0.018423497676849365
2016-02-16,0.014271050691604614,0.01449817419052124,0.015389867126941681
2016-02-17,0.014420285820960999,0.014645755290985107,0.015536364167928696
2016-02-18,-0.006650745868682861,-0.006385147571563721,-0.005420103669166565
2016-02-19,-0.002033919095993042,-0.0017774701118469238,-0.000828821212053299
2016-02-22,0.012282386422157288,0.012510716915130615,0.013408351689577103
2016-02-23,-0.01438295841217041,-0.014103710651397705,-0.013111652806401253
2016-02-24,0.002289295196533203,0.0025377273559570312,0.003471687436103821
2016-02-25,0.009395107626914978,0.00962933897972107,0.010537423193454742
2016-02-26,-0.003988355398178101,-0.003728896379470825,-0.002773616462945938
2016-02-29,-0.010281234979629517,-0.010009586811065674,-0.009031992405653
2016-03-01,0.021552443504333496,0.0217626690864563,0.0226273350417614
2016-03-02,0.002107381820678711,0.002354741096496582,0.0032881982624530792
2016-03-03,0.0016052722930908203,0.0018532276153564453,0.002788204699754715
2016-03-04,0.0011128485202789307,0.0013619959354400635,0.002298925071954727
2016-03-07,-0.0010338276624679565,-0.0007806718349456787,0.00016381964087486267
2016-03-08,-0.013108998537063599,-0.0128326416015625,-0.011845193803310394
2016-03-09,0.0027775317430496216,0.003023087978363037,0.0039540305733680725
2016-03-10,-0.0016664862632751465,-0.0014112293720245361,-0.0004638358950614929
2016-03-11,0.014047861099243164,0.014271348714828491,0.015162214636802673
2016-03-14,-0.0032259076833724976,-0.002969503402709961,-0.0020176805555820465
2016-03-15,-0.0038013607263565063,-0.0035441219806671143,-0.002590268850326538
2016-03-16,0.003799721598625183,0.0040430426597595215,0.0049703605473041534
2016-03-17,0.004363924264907837,0.004605293273925781,0.005530055612325668
2016-03-18,0.0021581947803497314,0.002403825521469116,0.003336425870656967
2016-03-21,-0.0008661150932312012,-0.0006148815155029297,0.00032834336161613464
2016-03-22,-0.0027160048484802246,-0.0024611055850982666,-0.0015112459659576416
2016-03-23,-0.008516669273376465,-0.00825074315071106,-0.007280383259057999
2016-03-24,-0.0023728609085083008,-0.002118736505508423,-0.0011701248586177826
2016-03-28,-0.0014805197715759277,-0.001228421926498413,-0.00028312578797340393
2016-03-29,0.006843924522399902,0.0070802271366119385,0.007996093481779099
2016-03-30,0.002264350652694702,0.0025094449520111084,0.0034415796399116516
2016-03-31,-0.004091411828994751,-0.003834336996078491,-0.002879813313484192
2016-04-01,0.0043468475341796875,0.004588097333908081,0.00551295280456543
2016-04-04,-0.005333051085472107,-0.00507354736328125,-0.004114601761102676
2016-04-05,-0.012056693434715271,-0.011783719062805176,-0.010800564661622047
2016-04-06,0.008417785167694092,0.008651137351989746,0.009561464190483093
2016-04-07,-0.014025866985321045,-0.013748854398727417,-0.012758627533912659
2016-04-08,0.000693976879119873,0.0009423196315765381,0.0018801577389240265
2016-04-11,-0.004690125584602356,-0.004431366920471191,-0.0034744590520858765
2016-04-12,0.007558107376098633,0.0077931880950927734,0.00870661810040474
2016-04-13,0.007946804165840149,0.008181005716323853,0.009093012660741806
2016-04-14,-0.001971498131752014,-0.0017184317111968994,-0.0007714368402957916
2016-04-15,-0.0030070245265960693,-0.0027522146701812744,-0.0018016770482063293
2016-04-18,0.00464177131652832,0.004881918430328369,0.005805429071187973
2016-04-19,0.001050114631652832,0.0012971460819244385,0.0022333823144435883
2016-04-20,-0.0012401789426803589,-0.000988781452178955,-4.447624087333679e-05
2016-04-21,-0.00715048611164093,-0.006887495517730713,-0.0059220753610134125
2016-04-22,-0.0019811689853668213,-0.001728147268295288,-0.0007811002433300018
2016-04-25,-0.00380079448223114,-0.0035443902015686035,-0.002590913325548172
2016-04-26,-0.0003092736005783081,-5.957484245300293e-05,0.0008815079927444458
2016-04-27,-8.83936882019043e-05,0.00016102194786071777,0.0011014081537723541
2016-04-28,-0.011248230934143066,-0.010977029800415039,-0.0099969282746315
2016-04-29,-0.007165580987930298,-0.006901770830154419,-0.005935899913311005
2016-05-02,0.0056393444538116455,0.0058779120445251465,0.006798025220632553
2016-05-03,-0.010679841041564941,-0.010409563779830933,-0.009431339800357819
2016-05-04,-0.007944047451019287,-0.007679015398025513,-0.006710570305585861
2016-05-05,-0.0023363828659057617,-0.0020821690559387207,-0.001133643090724945
2016-05-06,0.0012456178665161133,0.0014930963516235352,0.002429075539112091
2016-05-09,-0.0011903643608093262,-0.0009386539459228516,5.681067705154419e-06
2016-05-10,0.010276570916175842,0.010506033897399902,0.011409640312194824
2016-05-11,-0.011522233486175537,-0.011250793933868408,-0.010269872844219208
2016-05-12,-0.002087637782096863,-0.0018339455127716064,-0.0008862316608428955
2016-05-13,-0.010707184672355652,-0.010437071323394775,-0.009458910673856735
2016-05-16,0.007726192474365234,0.007960587739944458,0.008873213082551956
2016-05-17,-0.011560887098312378,-0.011289060115814209,-0.010307848453521729
2016-05-18,-0.001772165298461914,-0.001518338918685913,-0.0005712471902370453
2016-05-19,-0.0056644827127456665,-0.005403041839599609,-0.004442173987627029
2016-05-20,0.003946363925933838,0.0041883885860443115,0.005114592611789703
2016-05-23,-0.0038210302591323853,-0.003564208745956421,-0.002610601484775543
2016-05-24,0.011319965124130249,0.011547744274139404,0.01244775578379631
2016-05-25,0.00479908287525177,0.005039185285568237,0.005962260067462921
2016-05-26,-0.002057403326034546,-0.0018043816089630127,-0.0008571557700634003
2016-05-27,0.002103358507156372,0.002348273992538452,0.0032806582748889923
2016-05-31,-0.00296609103679657,-0.0027112960815429688,-0.0017608068883419037
2016-06-01,-0.0008107870817184448,-0.0005601048469543457,0.00038280710577964783
2016-06-02,0.0006922781467437744,0.0009399354457855225,0.0018773861229419708
2016-06-03,-0.004783108830451965,-0.004524558782577515,-0.003567468374967575
2016-06-06,0.0028667151927948,0.0031102895736694336,0.004040069878101349
2016-06-07,-0.0005577951669692993,-0.0003078281879425049,0.0006339810788631439
2016-06-08,0.001165434718132019,0.0014121532440185547,0.002347860485315323
2016-06-09,-0.0036972761154174805,-0.0034410953521728516,-0.0024880655109882355
2016-06-10,-0.01118139922618866,-0.010910600423812866,-0.009930815547704697
2016-06-13,-0.010161727666854858,-0.009892851114273071,-0.008916709572076797
2016-06-14,-0.0038266777992248535,-0.003569573163986206,-0.002615656703710556
2016-06-15,-0.003622487187385559,-0.0033660829067230225,-0.0024131163954734802
2016-06-16,0.0008993744850158691,0.0011478066444396973,0.0020851679146289825
2016-06-17,-0.005315616726875305,-0.005055636167526245,-0.004096481949090958
2016-06-20,0.003865957260131836,0.004108399152755737,0.0050352029502391815
2016-06-21,0.0005593299865722656,0.0008077025413513184,0.0017458386719226837
2016-06-22,-0.003607332706451416,-0.0033509433269500732,-0.0023980215191841125
2016-06-23,0.011051863431930542,0.011279910802841187,0.012180805206298828
2016-06-24,-0.03841713070869446,-0.038088828325271606,-0.03700786083936691
2016-06-27,-0.020147159695625305,-0.019856631755828857,-0.01884373277425766
2016-06-28,0.01545165479183197,0.015672922134399414,0.016559138894081116
2016-06-29,0.01480470597743988,0.015026897192001343,0.0159151554107666
2016-06-30,0.011601120233535767,0.011829346418380737,0.012728814035654068
2016-07-01,-0.000257149338722229,-6.854534149169922e-06,0.0009342990815639496
2016-07-05,-0.008864909410476685,-0.008598178625106812,-0.007626477628946304
2016-07-06,0.0034142136573791504,0.0036575496196746826,0.004585821181535721
2016-07-07,-0.002918750047683716,-0.0026634037494659424,-0.0017127878963947296
2016-07-08,0.012951582670211792,0.013176023960113525,0.01407015323638916
2016-07-11,0.0015274733304977417,0.0017739534378051758,0.0027086101472377777
2016-07-12,0.005022957921028137,0.0052626729011535645,0.006184965372085571
2016-07-13,-0.0019355714321136475,-0.0016826391220092773,-0.0007357969880104065
2016-07-14,0.003212481737136841,0.0034555792808532715,0.004384256899356842
2016-07-15,-0.002983659505844116,-0.002728760242462158,-0.0017782524228096008
2016-07-18,0.0004718899726867676,0.0007199645042419434,0.0016581416130065918
2016-07-19,-0.003383249044418335,-0.003127753734588623,-0.0021759234368801117
2016-07-20,0.002280592918395996,0.0025250911712646484,0.0034567974507808685
2016-07-21,-0.005746185779571533,-0.005486130714416504,-0.004525899887084961
2016-07-22,0.002480238676071167,0.002724289894104004,0.0036552920937538147
2016-07-25,-0.0048637837171554565,-0.004605501890182495,-0.0036483928561210632
2016-07-26,-0.0017289221286773682,-0.0014765262603759766,-0.0005304329097270966
2016-07-27,-0.0030086487531661987,-0.00275382399559021,-0.0018032118678092957
2016-07-28,-0.000647127628326416,-0.0003968775272369385,0.0005453936755657196
2016-07-29,-0.0004743337631225586,-0.00022453069686889648,0.0007170736789703369
2016-08-01,-0.0032044798135757446,-0.002949267625808716,-0.001997940242290497
2016-08-02,-0.008278459310531616,-0.008013427257537842,-0.0070440396666526794
2016-08-03,0.0009153485298156738,0.0011624395847320557,0.002099025994539261
2016-08-04,-0.0015711784362792969,-0.0013193488121032715,-0.0003739558160305023
2016-08-05,0.006252884864807129,0.006489574909210205,0.007407166063785553
2016-08-08,-0.002736687660217285,-0.002482801675796509,-0.001533355563879013
2016-08-09,-0.001597285270690918,-0.0013456642627716064,-0.00040029361844062805
2016-08-10,-0.004826933145523071,-0.004568994045257568,-0.003612097352743149
2016-08-11,0.002673417329788208,0.002916872501373291,0.003847125917673111
2016-08-12,-0.002909153699874878,-0.002655029296875,-0.0017049908638000488
2016-08-15,0.0009028017520904541,0.0011495351791381836,0.0020860210061073303
2016-08-16,-0.007447302341461182,-0.007184356451034546,-0.006218187510967255
2016-08-17,-0.0003290325403213501,-7.969141006469727e-05,0.0008613131940364838
2016-08-18,0.00022530555725097656,0.00047346949577331543,0.0014123767614364624
2016-08-19,-0.0034572482109069824,-0.0032018721103668213,-0.002249825745820999
2016-08-22,-0.002443760633468628,-0.0021902620792388916,-0.001241680234670639
2016-08-23,-8.581578731536865e-05,0.00016292929649353027,0.001102987676858902
2016-08-24,-0.007111310958862305,-0.0068489909172058105,-0.005883991718292236
2016-08-25,-0.003400370478630066,-0.003145068883895874,-0.002193160355091095
2016-08-26,-0.0035591721534729004,-0.00330314040184021,-0.0023504160344600677
2016-08-29,0.0030665993690490723,0.003309398889541626,0.004238303750753403
2016-08-30,-0.003970623016357422,-0.0037141740322113037,-0.0027602240443229675
2016-08-31,-0.004480123519897461,-0.004222691059112549,-0.00326697900891304
2016-09-01,-0.0020785927772521973,-0.001825571060180664,-0.0008782334625720978
2016-09-02,0.002267181873321533,0.00251162052154541,0.0034434273838996887
2016-09-06,0.0009944438934326172,0.0012412667274475098,0.0021775104105472565
2016-09-07,-0.00217360258102417,-0.0019207596778869629,-0.0009732916951179504
2016-09-08,-0.004294827580451965,-0.004037827253341675,-0.00308280810713768
2016-09-09,-0.026540160179138184,-0.02623981237411499,-0.025205466896295547
2016-09-12,0.012364089488983154,0.012589961290359497,0.013486433774232864
2016-09-13,-0.016934573650360107,-0.01665136218070984,-0.01565038040280342
2016-09-14,-0.002559855580329895,-0.0023048818111419678,-0.001355338841676712
2016-09-15,0.007996335625648499,0.008230924606323242,0.009143006056547165
2016-09-16,-0.00589480996131897,-0.00563359260559082,-0.004672311246395111
2016-09-19,-0.0019075572490692139,-0.0016542375087738037,-0.0007072873413562775
2016-09-20,-0.0018092691898345947,-0.001556485891342163,-0.0006100088357925415
2016-09-21,0.008874833583831787,0.009107202291488647,0.01001586765050888
2016-09-22,0.004370257258415222,0.004610985517501831,0.005535431206226349
2016-09-23,-0.007522404193878174,-0.007258862257003784,-0.0062922947108745575
2016-09-26,-0.010534048080444336,-0.010264605283737183,-0.009287245571613312
2016-09-27,0.004192650318145752,0.00443384051322937,0.0053590163588523865
2016-09-28,0.003166496753692627,0.0034095942974090576,0.0043383389711380005
2016-09-29,-0.011247798800468445,-0.010976344347000122,-0.009996075183153152
2016-09-30,0.005791991949081421,0.006030231714248657,0.00694979727268219
2016-10-03,-0.005251795053482056,-0.00499233603477478,-0.004033658653497696
2016-10-04,-0.006839558482170105,-0.0065766870975494385,-0.005612123757600784
2016-10-05,0.0021979808807373047,0.002442985773086548,0.0033751949667930603
2016-10-06,-0.0014668703079223633,-0.001214832067489624,-0.00026963651180267334
2016-10-07,-0.005276665091514587,-0.005017012357711792,-0.004058167338371277
2016-10-10,0.0025680065155029297,0.002812117338180542,0.0037428997457027435
2016-10-11,-0.014394819736480713,-0.014117598533630371,-0.013126367703080177
2016-10-12,-0.0008707642555236816,-0.0006198883056640625,0.00032322853803634644
2016-10-13,-0.0051222145557403564,-0.0048628151416778564,-0.0039044618606567383
2016-10-14,-0.0017993003129959106,-0.0015465617179870605,-0.0006000921130180359
2016-10-17,-0.00517311692237854,-0.004914045333862305,-0.003955729305744171
2016-10-18,0.004064619541168213,0.004305839538574219,0.0052313730120658875
2016-10-19,0.0003019273281097412,0.0005502700805664062,0.0014890171587467194
2016-10-20,-0.00350053608417511,-0.003244459629058838,-0.002291962504386902
2016-10-21,-0.0020934641361236572,-0.001840442419052124,-0.0008931197226047516
2016-10-24,0.002586066722869873,0.0028299689292907715,0.003760620951652527
2016-10-25,-0.00550532341003418,-0.005245834589004517,-0.004286494106054306
2016-10-26,-0.0037948638200759888,-0.00353848934173584,-0.002585049718618393
2016-10-27,-0.004892304539680481,-0.004633784294128418,-0.003676466643810272
2016-10-28,-0.0052347928285598755,-0.00497475266456604,-0.004015691578388214
2016-10-31,-0.0021130144596099854,-0.0018597841262817383,-0.0009123235940933228
2016-11-01,-0.008849814534187317,-0.008583158254623413,-0.007611554116010666
2016-11-02,-0.00849771499633789,-0.00823134183883667,-0.007260758429765701
2016-11-03,-0.006463408470153809,-0.006201565265655518,-0.005238521844148636
2016-11-04,-0.0036074817180633545,-0.0033510327339172363,-0.0023980475962162018
2016-11-07,0.01976323127746582,0.01997479796409607,0.020844995975494385
2016-11-08,0.0018927454948425293,0.0021385252475738525,0.003071960061788559
2016-11-09,0.008793801069259644,0.009028077125549316,0.009938135743141174
2016-11-10,0.00013603270053863525,0.0003871619701385498,0.0013279430568218231
2016-11-11,-0.0036191344261169434,-0.0033619701862335205,-0.0024086609482765198
2016-11-14,-0.0019046366214752197,-0.0016508400440216064,-0.0007036849856376648
2016-11-15,0.005350261926651001,0.005589723587036133,0.006510984152555466
2016-11-16,-0.0036044418811798096,-0.0033479928970336914,-0.0023950673639774323
2016-11-17,0.0026242733001708984,0.00286826491355896,0.00379885733127594
2016-11-18,-0.0043170154094696045,-0.0040596723556518555,-0.0031044557690620422
2016-11-21,0.0053577721118927,0.005596369504928589,0.006517186760902405
2016-11-22,7.027387619018555e-05,0.0003190338611602783,0.0012586452066898346
2016-11-23,-0.001216784119606018,-0.0009655654430389404,-2.1435320377349854e-05
2016-11-25,0.0019761323928833008,0.0022211074829101562,0.003153834491968155
2016-11-28,-0.00717279314994812,-0.006910145282745361,-0.0059448592364788055
2016-11-29,-0.0007206499576568604,-0.0004703700542449951,0.00047202035784721375
2016-11-30,-0.004500538110733032,-0.00424271821975708,-0.003286760300397873
2016-12-01,-0.005747437477111816,-0.005487173795700073,-0.004526771605014801
2016-12-02,-0.0015451014041900635,-0.0012930631637573242,-0.0003476440906524658
2016-12-05,0.0037249326705932617,0.003966689109802246,0.004893366247415543
2016-12-06,0.0014072954654693604,0.001653522253036499,0.002588380128145218
2016-12-07,0.01076701283454895,0.010995358228683472,0.011897135525941849
2016-12-08,0.0003128945827484131,0.0005613267421722412,0.001500159502029419
2016-12-09,0.003994256258010864,0.004235416650772095,0.00516108050942421
2016-12-12,-0.003149867057800293,-0.002894878387451172,-0.0019438304007053375
2016-12-13,0.004457399249076843,0.004697680473327637,0.005621723830699921
2016-12-14,-0.010062098503112793,-0.00979265570640564,-0.008816350251436234
2016-12-15,0.0017921775579452515,0.0020380914211273193,0.0029718689620494843
2016-12-16,-0.0037721097469329834,-0.0035155415534973145,-0.00256212055683136
2016-12-19,3.053247928619385e-05,0.00027954578399658203,0.0012193657457828522
2016-12-20,0.0015353560447692871,0.001781374216079712,0.002715848386287689
2016-12-21,-0.004377081990242004,-0.004119932651519775,-0.003164634108543396
2016-12-22,-0.0039013326168060303,-0.0036451518535614014,-0.0026915669441223145
2016-12-23,-0.0008752048015594482,-0.0006249845027923584,0.0003178156912326813
2016-12-27,0.0003120303153991699,0.0005599856376647949,0.0014985837042331696
2016-12-28,-0.010332345962524414,-0.010063737630844116,-0.009087298065423965
2016-12-29,-0.002257734537124634,-0.0020047128200531006,-0.0010569170117378235
2016-12-30,-0.006296232342720032,-0.00603523850440979,-0.005073025822639465
2017-01-03,0.005838155746459961,0.006076186895370483,0.0069955624639987946
2017-01-04,0.0037967711687088013,0.004038333892822266,0.004964716732501984
2017-01-05,-0.0027218014001846313,-0.002467721700668335,-0.001518242061138153
2017-01-06,0.0015736967325210571,0.001819521188735962,0.0027538277208805084
2017-01-09,-0.005500167608261108,-0.005240797996520996,-0.0042814649641513824
2017-01-10,-0.0021236836910247803,-0.001870870590209961,-0.0009235329926013947
2017-01-11,0.0006920695304870605,0.0009398460388183594,0.001877419650554657
2017-01-12,-0.0041265785694122314,-0.003869563341140747,-0.0029149129986763
2017-01-13,-0.00013817846775054932,0.00011086463928222656,0.0010511428117752075
2017-01-17,-0.00497591495513916,-0.004717499017715454,-0.0037600360810756683
2017-01-18,-0.0002503693103790283,-1.1026859283447266e-06,0.0009395889937877655
2017-01-19,-0.005614250898361206,-0.005354642868041992,-0.004394903779029846
2017-01-20,0.0012921541929244995,0.0015385448932647705,0.002473898231983185
2017-01-23,-0.00451776385307312,-0.0042601823806762695,-0.00330425426363945
2017-01-24,0.004389703273773193,0.004629969596862793,0.005554161965847015
2017-01-25,0.006035327911376953,0.006272405385971069,0.007190801203250885
2017-01-26,-0.0027739405632019043,-0.0025198757648468018,-0.0015702247619628906
2017-01-27,-0.002970188856124878,-0.0027158260345458984,-0.001765526831150055
2017-01-30,-0.008109703660011292,-0.007845193147659302,-0.006876535713672638
2017-01-31,-0.0026837289333343506,-0.002429664134979248,-0.0014803074300289154
2017-02-01,-0.001847490668296814,-0.0015949904918670654,-0.0006485357880592346
2017-02-02,-0.0013527870178222656,-0.0011013150215148926,-0.00015667453408241272
2017-02-03,0.005085587501525879,0.005324512720108032,0.0062462687492370605
2017-02-06,-0.003988295793533325,-0.003731966018676758,-0.002778060734272003
2017-02-07,-0.0018873512744903564,-0.0016350746154785156,-0.000688597559928894
2017-02-08,-0.001239001750946045,-0.0009879767894744873,-4.3783336877822876e-05
2017-02-09,0.0036644786596298218,0.0039060115814208984,0.004832718521356583
2017-02-10,0.0016951262950897217,0.001940399408340454,0.002874094992876053
2017-02-13,0.00311867892742157,0.003361225128173828,0.004289872944355011
2017-02-14,0.0019315779209136963,0.0021764636039733887,0.0031093358993530273
2017-02-15,0.002957642078399658,0.0032005608081817627,0.004129808396100998
2017-02-16,-0.0028257369995117188,-0.0025713443756103516,-0.0016213655471801758
2017-02-17,-0.0004242807626724243,-0.000174790620803833,0.000766463577747345
2017-02-21,0.003942608833312988,0.004183739423751831,0.0051095448434352875
2017-02-22,-0.003022700548171997,-0.002768218517303467,-0.0018177703022956848
2017-02-23,-0.0015066266059875488,-0.001255035400390625,-0.0003099292516708374
2017-02-24,-0.0006462931632995605,-0.00039631128311157227,0.0005457811057567596
2017-02-27,-0.0008418112993240356,-0.0005915164947509766,0.00035121291875839233
2017-02-28,-0.004455193877220154,-0.004198044538497925,-0.0032424814999103546
2017-03-01,0.01136597990989685,0.011592864990234375,0.0124923475086689
2017-03-02,-0.00795137882232666,-0.007687300443649292,-0.006719287484884262
2017-03-03,-0.001569315791130066,-0.0013176202774047852,-0.00037224963307380676
2017-03-06,-0.005017459392547607,-0.004759162664413452,-0.003801599144935608
2017-03-07,-0.005077153444290161,-0.004818707704544067,-0.0038609355688095093
2017-03-08,-0.0041442811489105225,-0.0038875937461853027,-0.002933122217655182
2017-03-09,-0.0012070685625076294,-0.0009560585021972656,-1.1984258890151978e-05
2017-03-10,0.0013402551412582397,0.0015864670276641846,0.0025215521454811096
2017-03-13,-0.0017231851816177368,-0.0014712810516357422,-0.0005254447460174561
2017-03-14,-0.005493044853210449,-0.005233734846115112,-0.004274435341358185
2017-03-15,0.0060850828886032104,0.006322205066680908,0.007240433245897293
2017-03-16,-0.0034502744674682617,-0.003194868564605713,-0.0022428520023822784
2017-03-17,-0.0033724308013916016,-0.0031173527240753174,-0.0021656714379787445
2017-03-20,-0.003891557455062866,-0.0036353468894958496,-0.002681773155927658
2017-03-21,-0.01450645923614502,-0.014229267835617065,-0.013237683102488518
2017-03-22,-5.272030830383301e-05,0.0001964569091796875,0.0011366456747055054
2017-03-23,-0.0030686557292938232,-0.0028135478496551514,-0.0018625855445861816
2017-03-24,-0.0027333498001098633,-0.0024788975715637207,-0.0015291422605514526
2017-03-27,-0.003172844648361206,-0.0029175281524658203,-0.0019662193953990936
2017-03-28,0.00518527626991272,0.005424380302429199,0.006345931440591812
2017-03-29,-0.0008801817893981934,-0.0006295740604400635,0.00031340494751930237
2017-03-30,0.0008820593357086182,0.0011291801929473877,0.0020658746361732483
2017-03-31,-0.004296541213989258,-0.004039466381072998,-0.003084413707256317
2017-04-03,-0.0035739243030548096,-0.0033180415630340576,-0.002365458756685257
2017-04-04,-0.0015652179718017578,-0.0013133883476257324,-0.0003679990768432617
2017-04-05,-0.005059748888015747,-0.004800707101821899,-0.0038426443934440613
2017-04-06,2.8699636459350586e-05,0.0002778172492980957,0.0012177787721157074
2017-04-07,-0.0028271526098251343,-0.002572566270828247,-0.0016225799918174744
2017-04-10,-0.0013997852802276611,-0.001147925853729248,-0.00020295009016990662
2017-04-11,-0.0033490657806396484,-0.0030931830406188965,-0.0021411478519439697
2017-04-12,-0.005927056074142456,-0.005666404962539673,-0.0047053322196006775
2017-04-13,-0.008677199482917786,-0.008411198854446411,-0.007440380752086639
2017-04-17,0.006512001156806946,0.006748497486114502,0.0076653361320495605
2017-04-18,-0.004962950944900513,-0.004704266786575317,-0.003746654838323593
2017-04-19,-0.003809601068496704,-0.0035533010959625244,-0.0025998763740062714
2017-04-20,0.005683988332748413,0.005921989679336548,0.006841693073511124
2017-04-21,-0.005022019147872925,-0.004763424396514893,-0.003805719316005707
2017-04-24,0.008621007204055786,0.008853167295455933,0.009762376546859741
2017-04-25,0.004072636365890503,0.004313528537750244,0.005238842219114304
2017-04-26,-0.002444341778755188,-0.0021905899047851562,-0.0012419484555721283
2017-04-27,-0.0014493465423583984,-0.0011977553367614746,-0.00025279074907302856
2017-04-28,-0.004033684730529785,-0.0037771761417388916,-0.002823062241077423
2017-05-01,6.097555160522461e-05,0.0003095865249633789,0.0012491680681705475
2017-05-02,-0.0012408196926116943,-0.0009897053241729736,-4.555657505989075e-05
2017-05-03,-0.0032625198364257812,-0.003007560968399048,-0.002056218683719635
2017-05-04,-0.0013199150562286377,-0.0010685622692108154,-0.0001240558922290802
2017-05-05,0.0020469725131988525,0.0022916793823242188,0.003224138170480728
2017-05-08,-0.002138182520866394,-0.001885443925857544,-0.00093812495470047
2017-05-09,-0.002875030040740967,-0.002620875835418701,-0.0016709491610527039
2017-05-10,-0.000918656587600708,-0.0006683170795440674,0.00027463585138320923
2017-05-11,-0.004033029079437256,-0.0037765800952911377,-0.0028224997222423553
2017-05-12,-0.0036695003509521484,-0.0034138858318328857,-0.0024611838161945343
2017-05-15,0.002868250012397766,0.003111213445663452,0.004040714353322983
2017-05-16,-0.002736523747444153,-0.0024827122688293457,-0.001533273607492447
2017-05-17,-0.02010186016559601,-0.019813984632492065,-0.018802616745233536
2017-05-18,0.0014896690845489502,0.0017361342906951904,0.002671007066965103
2017-05-19,0.004651471972465515,0.0048913657665252686,0.005814734846353531
2017-05-22,0.0031407922506332397,0.0033835172653198242,0.004312183707952499
2017-05-23,-4.7400593757629395e-05,0.00020143389701843262,0.0011413879692554474
2017-05-24,0.0003516077995300293,0.000599592924118042,0.0015381015837192535
2017-05-25,0.002427235245704651,0.002671152353286743,0.003602284938097
2017-05-26,-0.0017859041690826416,-0.0015339851379394531,-0.0005879737436771393
2017-05-30,-0.003112971782684326,-0.0028585195541381836,-0.00190778449177742
2017-05-31,-0.002485126256942749,-0.0022316575050354004,-0.0012830458581447601
2017-06-01,0.0054950714111328125,0.005733072757720947,0.006653301417827606
2017-06-02,0.0013740062713623047,0.0016199350357055664,0.002554751932621002
2017-06-05,-0.0027831196784973145,-0.0025292634963989258,-0.0015797019004821777
2017-06-06,-0.004811346530914307,-0.004553496837615967,-0.0035967305302619934
2017-06-07,-0.0005065500736236572,-0.0002570152282714844,0.0006844960153102875
2017-06-08,-0.001713976263999939,-0.0014619529247283936,-0.0005160905420780182
2017-06-09,-0.0030726194381713867,-0.002817481756210327,-0.001866459846496582
2017-06-12,-0.002720087766647339,-0.00246584415435791,-0.0015162862837314606
2017-06-13,0.0024343132972717285,0.0026783645153045654,0.003609534353017807
2017-06-14,-0.003024488687515259,-0.002769649028778076,-0.0018189772963523865
2017-06-15,-0.0041942596435546875,-0.003937184810638428,-0.002982400357723236
2017-06-16,-0.0017960667610168457,-0.0015437901020050049,-0.0005975775420665741
2017-06-19,0.006166249513626099,0.0064029693603515625,0.007320821285247803
2017-06-20,-0.008491843938827515,-0.008226782083511353,-0.007256884127855301
2017-06-21,-0.0025213658809661865,-0.002267777919769287,-0.0013190656900405884
2017-06-22,-0.002529740333557129,-0.0022762417793273926,-0.0013275370001792908
2017-06-23,-0.0005875974893569946,-0.00033783912658691406,0.0006039589643478394
2017-06-26,-0.0016449987888336182,-0.0013931095600128174,-0.0004475004971027374
2017-06-27,-0.009935051202774048,-0.00966709852218628,-0.00869198888540268
2017-06-28,0.006505340337753296,0.00674167275428772,0.007658429443836212
2017-06-29,-0.010504230856895447,-0.010234534740447998,-0.009257040917873383
2017-06-30,-0.0004722177982330322,-0.00022226572036743164,0.0007193610072135925
2017-07-03,0.00025318562984466553,0.0005016028881072998,0.0014405511319637299
2017-07-05,-0.0005476772785186768,-0.0002976953983306885,0.0006441101431846619
2017-07-06,-0.011276647448539734,-0.011005878448486328,-0.010025925934314728
2017-07-07,0.004163146018981934,0.004403859376907349,0.0053288862109184265
2017-07-10,-0.0009437650442123413,-0.0006932914257049561,0.00024979934096336365
2017-07-11,-0.002795100212097168,-0.0025408267974853516,-0.0015910342335700989
2017-07-12,0.0052720606327056885,0.005510598421096802,0.00643167644739151
2017-07-13,-0.00014819204807281494,0.00010070204734802246,0.0010409392416477203
2017-07-14,0.002538919448852539,0.002782583236694336,0.003713298588991165
2017-07-17,-0.0020903050899505615,-0.0018377304077148438,-0.000890638679265976
2017-07-18,-0.0013355910778045654,-0.0010844171047210693,-0.0001399591565132141
2017-07-19,0.0031777024269104004,0.0034200847148895264,0.004348475486040115
2017-07-20,-0.0017953217029571533,-0.001543283462524414,-0.0005971901118755341
2017-07-21,-0.00269925594329834,-0.002445518970489502,-0.0014962553977966309
2017-07-24,-0.002570435404777527,-0.002316981554031372,-0.0013681836426258087
2017-07-25,0.0005326271057128906,0.0007800459861755371,0.001717846840620041
2017-07-26,-0.001763373613357544,-0.0015114247798919678,-0.0005654878914356232
2017-07-27,-0.0029727816581726074,-0.002718120813369751,-0.001767624169588089
2017-07-28,-0.003360927104949951,-0.0031058192253112793,-0.0021541453897953033
2017-07-31,-0.0025059878826141357,-0.002252519130706787,-0.0013038776814937592
2017-08-01,0.0001335740089416504,0.00038191676139831543,0.0013211630284786224
2017-08-02,-0.0016143620014190674,-0.001362532377243042,-0.0004169940948486328
2017-08-03,-0.004070252180099487,-0.0038138926029205322,-0.0028597600758075714
2017-08-04,-0.00027039647102355957,-2.130866050720215e-05,0.0009193457663059235
2017-08-07,-0.00024110078811645508,7.778406143188477e-06,0.0009482875466346741
2017-08-08,-0.004357680678367615,-0.004100680351257324,-0.003145504742860794
2017-08-09,-0.002412736415863037,-0.0021593570709228516,-0.0012109540402889252
2017-08-10,-0.016489744186401367,-0.016208916902542114,-0.015210423618555069
2017-08-11,-0.000728905200958252,-0.0004786849021911621,0.0004637278616428375
2017-08-14,0.007698222994804382,0.007932096719741821,0.008844591677188873
2017-08-15,-0.002219855785369873,-0.0019668936729431152,-0.0010192207992076874
2017-08-16,-0.0006252825260162354,-0.00037536025047302246,0.0005666427314281464
2017-08-17,-0.01746383309364319,-0.017181068658828735,-0.016179075464606285
2017-08-18,-0.003958344459533691,-0.0037016868591308594,-0.0027476362884044647
2017-08-21,-0.0008990168571472168,-0.0006483793258666992,0.00029468536376953125
2017-08-22,0.00791749358177185,0.008151084184646606,0.009062834084033966
2017-08-23,-0.005454510450363159,-0.005195111036300659,-0.004235900938510895
2017-08-24,-0.004094541072845459,-0.0038377344608306885,-0.002883307635784149
2017-08-25,-0.00014898180961608887,0.00010007619857788086,0.0010404139757156372
2017-08-28,-0.0017805248498916626,-0.0015284419059753418,-0.0005823560059070587
2017-08-29,-0.0010418295860290527,-0.0007911622524261475,0.00015231966972351074
2017-08-30,0.0024687647819519043,0.002712637186050415,0.0036436207592487335
2017-08-31,0.003733813762664795,0.003975242376327515,0.0049017444252967834
2017-09-01,-9.676814079284668e-05,0.0001519918441772461,0.0010920539498329163
2017-09-05,-0.009462058544158936,-0.009194761514663696,-0.008221149444580078
2017-09-06,0.0011856257915496826,0.0014320313930511475,0.0023675858974456787
2017-09-07,-0.0022684335708618164,-0.00201532244682312,-0.0010674670338630676
2017-09-08,-0.003419339656829834,-0.003164052963256836,-0.0022121593356132507
2017-09-11,0.008598148822784424,0.008830249309539795,0.009739499539136887
2017-09-12,0.0015111267566680908,0.0017567276954650879,0.002691056579351425
2017-09-13,-0.0014615356922149658,-0.001210242509841919,-0.000265367329120636
2017-09-14,-0.002780526876449585,-0.0025266706943511963,-0.0015771351754665375
2017-09-15,-0.0005705654621124268,-0.0003210306167602539,0.000620674341917038
2017-09-18,-0.00028961896896362305,-4.056096076965332e-05,0.00090012326836586
2017-09-19,-0.0009692013263702393,-0.000718921422958374,0.00022418424487113953
2017-09-20,-0.00147169828414917,-0.0012203454971313477,-0.00027541816234588623
2017-09-21,-0.004878640174865723,-0.004620730876922607,-0.0036637037992477417
2017-09-22,-0.0016698241233825684,-0.0014181733131408691,-0.0004726015031337738
2017-09-25,-0.004038125276565552,-0.0037817060947418213,-0.0028276145458221436
2017-09-26,-0.0017892718315124512,-0.0015372931957244873,-0.000591229647397995
2017-09-27,0.0019679516553878784,0.0022127628326416016,0.003145512193441391
2017-09-28,-0.0009387284517288208,-0.0006884336471557617,0.00025459006428718567
2017-09-29,0.0015994012355804443,0.0018448233604431152,0.002778809517621994
2017-10-02,0.002028524875640869,0.002273082733154297,0.0032055675983428955
2017-10-03,0.00016707181930541992,0.0004152059555053711,0.0013542845845222473
2017-10-04,-0.0008086860179901123,-0.0005586743354797363,0.00038385018706321716
2017-10-05,0.003658384084701538,0.0038997530937194824,0.004826422780752182
2017-10-06,-0.0032808780670166016,-0.003026127815246582,-0.002074848860502243
2017-10-09,-0.003702118992805481,-0.0034465789794921875,-0.002493802458047867
2017-10-10,0.00041607022285461426,0.00066375732421875,0.0016019456088542938
2017-10-11,-0.00035122036933898926,-0.00010216236114501953,0.0008387342095375061
2017-10-12,-0.0037763118743896484,-0.003520667552947998,-0.002567615360021591
2017-10-13,-0.0008004307746887207,-0.0005505084991455078,0.0003919675946235657
2017-10-16,-0.0004895925521850586,-0.0002402961254119873,0.000701073557138443
2017-10-17,-0.0012676715850830078,-0.0010168850421905518,-7.277727127075195e-05
2017-10-18,-0.0013033002614974976,-0.0010524392127990723,-0.0001082010567188263
2017-10-19,-0.001564815640449524,-0.0013133883476257324,-0.00036820024251937866
2017-10-20,0.0028756558895111084,0.00311848521232605,0.004047885537147522
2017-10-23,-0.005713939666748047,-0.005454540252685547,-0.0044946447014808655
2017-10-24,-0.0004772096872329712,-0.00022783875465393066,0.000713493674993515
2017-10-25,-0.0067289769649505615,-0.006467252969741821,-0.005503512918949127
2017-10-26,-0.0007609128952026367,-0.000510871410369873,0.0004315897822380066
2017-10-27,0.0060241371393203735,0.006261199712753296,0.007179576903581619
2017-10-30,-0.005251288414001465,-0.004992544651031494,-0.004034154117107391
2017-10-31,-0.0010667741298675537,-0.0008161962032318115,0.00012726709246635437
2017-11-01,-0.00038254261016845703,-0.00013321638107299805,0.0008078590035438538
2017-11-02,-0.0018275082111358643,-0.0015752315521240234,-0.0006288997828960419
2017-11-03,0.0010890960693359375,0.0013354718685150146,0.0022712983191013336
2017-11-06,-0.0007177591323852539,-0.0004679262638092041,0.00047427788376808167
2017-11-07,-0.002610251307487488,-0.0023566782474517822,-0.0014076903462409973
2017-11-08,-0.00018762052059173584,6.124377250671387e-05,0.0010015890002250671
2017-11-09,-0.00572533905506134,-0.00546535849571228,-0.004505090415477753
2017-11-10,-0.0028977543115615845,-0.002643585205078125,-0.0016935989260673523
2017-11-13,-0.0010433346033096313,-0.0007927417755126953,0.00015065819025039673
2017-11-14,-0.004359930753707886,-0.004102736711502075,-0.003147374838590622
2017-11-15,-0.007439106702804565,-0.007175862789154053,-0.006209578365087509
2017-11-16,0.006060510873794556,0.006297409534454346,0.0072156526148319244
2017-11-17,-0.004676312208175659,-0.004418760538101196,-0.003462444990873337
2017-11-20,-0.0006592273712158203,-0.0004093945026397705,0.0005326680839061737
2017-11-21,0.004532873630523682,0.004772663116455078,0.005696248263120651
2017-11-22,-0.002835005521774292,-0.0025811195373535156,-0.0016313940286636353
2017-11-24,3.7416815757751465e-05,0.00028574466705322266,0.0012252293527126312
2017-11-27,-0.0023619532585144043,-0.002108961343765259,-0.0011609233915805817
2017-11-28,0.007829636335372925,0.008063137531280518,0.008975092321634293
2017-11-29,-0.0024918466806411743,-0.0022383928298950195,-0.0012897849082946777
2017-11-30,0.006016254425048828,0.006253600120544434,0.007172197103500366
2017-12-01,-0.004056885838508606,-0.0037986040115356445,-0.0028434060513973236
2017-12-04,-0.0030457526445388794,-0.0027905404567718506,-0.0018396228551864624
2017-12-05,-0.00564362108707428,-0.005383491516113281,-0.0044234395027160645
2017-12-06,-0.0020325779914855957,-0.0017794668674468994,-0.0008322484791278839
2017-12-07,0.0009166300296783447,0.0011639595031738281,0.002100631594657898
2017-12-08,0.003430008888244629,0.0036721229553222656,0.004599764943122864
2017-12-11,0.0011666417121887207,0.0014130473136901855,0.002348661422729492
2017-12-12,-0.00035199522972106934,-0.00010269880294799805,0.0008382908999919891
2017-12-13,-0.0023689717054367065,-0.0021157264709472656,-0.0011675581336021423
2017-12-14,-0.006117641925811768,-0.005857110023498535,-0.004895627498626709
2017-12-15,0.006537586450576782,0.006773650646209717,0.007690224796533585
2017-12-18,0.0036940425634384155,0.0039355456829071045,0.004862189292907715
2017-12-19,-0.005390793085098267,-0.005131781101226807,-0.00417289137840271
2017-12-20,-0.002813681960105896,-0.0025595128536224365,-0.0016097202897071838
2017-12-21,4.503130912780762e-05,0.0002935826778411865,0.0012331567704677582
2017-12-22,-0.0024702847003936768,-0.002216935157775879,-0.0012684464454650879
2017-12-26,-0.00321120023727417,-0.002956479787826538,-0.002005394548177719
2017-12-27,-0.0012683272361755371,-0.0010173916816711426,-7.319450378417969e-05
2017-12-28,-0.0001836717128753662,6.514787673950195e-05,0.0010054558515548706
2017-12-29,-0.00625242292881012,-0.005991846323013306,-0.005029946565628052
2018-01-02,0.005382627248764038,0.005620777606964111,0.006541386246681213
2018-01-03,0.004228711128234863,0.004469096660614014,0.005393795669078827
2018-01-04,0.0021034926176071167,0.0023479461669921875,0.0032801665365695953
2018-01-05,0.004754379391670227,0.004993736743927002,0.005916565656661987
2018-01-08,-0.0001872926950454712,6.157159805297852e-05,0.0010019205510616302
2018-01-09,-0.00046634674072265625,-0.0002168416976928711,0.0007245279848575592
2018-01-10,-0.003283262252807617,-0.003028303384780884,-0.0020768828690052032
2018-01-11,0.004986971616744995,0.005225926637649536,0.006147958338260651
2018-01-12,0.004655271768569946,0.004894912242889404,0.005818113684654236
2018-01-16,-0.005429744720458984,-0.005170285701751709,-0.004211019724607468
2018-01-17,0.007358044385910034,0.007592737674713135,0.008506502956151962
2018-01-18,-0.003574281930923462,-0.00331839919090271,-0.002365749329328537
2018-01-19,0.0022582709789276123,0.0025027096271514893,0.00343453511595726
2018-01-22,0.006031230092048645,0.006268441677093506,0.007186871021986008
2018-01-23,0.00020429491996765137,0.0004526674747467041,0.001391775906085968
2018-01-24,-0.0024704933166503906,-0.0022164881229400635,-0.0012676119804382324
2018-01-25,-0.001521080732345581,-0.001268923282623291,-0.00032346323132514954
2018-01-26,0.00954514741897583,0.009775608777999878,0.010681591928005219
2018-01-29,-0.008689939975738525,-0.008424073457717896,-0.007453203201293945
2018-01-30,-0.01282191276550293,-0.012547791004180908,-0.01156211830675602
2018-01-31,-0.0013099312782287598,-0.0010581612586975098,-0.00011338293552398682
2018-02-01,-0.002964586019515991,-0.0027094781398773193,-0.001758825033903122
2018-02-02,-0.023734331130981445,-0.023438245058059692,-0.022413307800889015
2018-02-05,-0.0435793399810791,-0.04323586821556091,-0.04163755849003792
2018-02-06,0.015492096543312073,0.015729516744613647,0.016624819487333298
2018-02-07,-0.007209271192550659,-0.006937295198440552,-0.005967453122138977
2018-02-08,-0.04007135331630707,-0.039732396602630615,-0.03864377737045288
2018-02-09,0.012793183326721191,0.013038307428359985,0.013943750411272049
2018-02-12,0.011602163314819336,0.011839985847473145,0.01274380087852478
2018-02-13,0.0007492750883102417,0.0010041594505310059,0.0019445046782493591
2018-02-14,0.011330336332321167,0.01156473159790039,0.012467611581087112
2018-02-15,0.009902611374855042,0.010138720273971558,0.011046111583709717
2018-02-16,-0.001655668020248413,-0.001399308443069458,-0.0004517287015914917
2018-02-20,-0.0080222487449646,-0.007754147052764893,-0.00678427517414093
2018-02-21,-0.007338076829910278,-0.007071137428283691,-0.006103541702032089
2018-02-22,-0.0010869652032852173,-0.0008315443992614746,0.00011418014764785767
2018-02-23,0.01395300030708313,0.014178484678268433,0.015070222318172455
2018-02-26,0.009548723697662354,0.009782373905181885,0.010689552873373032
2018-02-27,-0.014800071716308594,-0.014518380165100098,-0.013524061068892479
2018-02-28,-0.013246625661849976,-0.012967944145202637,-0.011979252099990845
2018-03-01,-0.015739455819129944,-0.015452772378921509,-0.014453286305069923
2018-03-02,0.003388628363609314,0.0036369264125823975,0.0045674145221710205
2018-03-05,0.009051531553268433,0.009288012981414795,0.010197803378105164
2018-03-06,0.0006237179040908813,0.0008759498596191406,0.0018154345452785492
2018-03-07,-0.0024493038654327393,-0.0021912753582000732,-0.0012409389019012451
2018-03-08,0.002336934208869934,0.0025847554206848145,0.003517717123031616
2018-03-09,0.015111073851585388,0.015332907438278198,0.01621989533305168
2018-03-12,-0.003119036555290222,-0.002862095832824707,-0.0019103549420833588
2018-03-13,-0.008516788482666016,-0.008249282836914062,-0.007278274744749069
2018-03-14,-0.007578909397125244,-0.007313281297683716,-0.006345488131046295
2018-03-15,-0.002893298864364624,-0.0026374459266662598,-0.0016867555677890778
2018-03-16,-0.0007361620664596558,-0.00048473477363586426,0.00045818090438842773
2018-03-19,-0.015859156847000122,-0.01557767391204834,-0.014580536633729935
2018-03-20,-0.0004925727844238281,-0.00024130940437316895,0.0007009394466876984
2018-03-21,-0.0038570761680603027,-0.003599017858505249,-0.002644617110490799
2018-03-22,-0.027490347623825073,-0.0271855890750885,-0.026146629825234413
2018-03-23,-0.023214399814605713,-0.022916465997695923,-0.021891940385103226
2018-03-26,0.024841874837875366,0.025046736001968384,0.025900457054376602
2018-03-27,-0.0195046067237854,-0.019212424755096436,-0.018200429156422615
2018-03-28,-0.004914194345474243,-0.004647701978683472,-0.003686152398586273
2018-03-29,0.011915475130081177,0.012146532535552979,0.013046450912952423
2018-04-02,-0.024991676211357117,-0.024687975645065308,-0.023656116798520088
2018-04-03,0.0106315016746521,0.010866999626159668,0.011772684752941132
2018-04-04,0.009504958987236023,0.009741544723510742,0.010650500655174255
2018-04-05,0.004745081067085266,0.004989296197891235,0.005914356559514999
2018-04-06,-0.024231597781181335,-0.023929864168167114,-0.0229010172188282
2018-04-09,0.0015484392642974854,0.0017985701560974121,0.0027347952127456665
2018-04-10,0.01440274715423584,0.014628738164901733,0.015519749373197556
2018-04-11,-0.007464706897735596,-0.007197439670562744,-0.0062293075025081635
2018-04-12,0.006173491477966309,0.006413877010345459,0.007333256304264069
2018-04-13,-0.004867970943450928,-0.0046065449714660645,-0.0036480017006397247
2018-04-16,0.006041482090950012,0.0062812864780426025,0.007200703024864197
2018-04-17,0.008481442928314209,0.008715897798538208,0.009626373648643494
2018-04-18,-0.0011413097381591797,-0.0008882880210876465,5.634874105453491e-05
2018-04-19,-0.007717490196228027,-0.0074517130851745605,-0.006483644247055054
2018-04-20,-0.01053522527217865,-0.01026374101638794,-0.00928550586104393
2018-04-23,-0.0020527243614196777,-0.0017977356910705566,-0.0008496902883052826
2018-04-24,-0.015452742576599121,-0.01516982913017273,-0.014172980561852455
2018-04-25,-0.00022286176681518555,3.0279159545898438e-05,0.0009727627038955688
2018-04-26,0.008570313453674316,0.008805423974990845,0.009716004133224487
2018-04-27,-0.0010282397270202637,-0.0007748901844024658,0.00016963109374046326
2018-04-30,-0.01017637550830841,-0.009905368089675903,-0.00892830640077591
2018-05-01,0.0003412961959838867,0.0005916953086853027,0.0015313029289245605
2018-05-02,-0.009120970964431763,-0.008852630853652954,-0.00787954032421112
2018-05-03,-0.004260733723640442,-0.004000723361968994,-0.0030442997813224792
2018-05-04,0.010732442140579224,0.010962635278701782,0.011865314096212387
2018-05-07,0.0015316605567932129,0.001779109239578247,0.002714138478040695
2018-05-08,-0.0023548752069473267,-0.002099663019180298,-0.0011506453156471252
2018-05-09,0.007558315992355347,0.007794111967086792,0.008707784116268158
2018-05-10,0.0072297602891922,0.007465630769729614,0.008380219340324402
2018-05-11,-0.00023028254508972168,1.9848346710205078e-05,0.00096086785197258
2018-05-14,-0.000978812575340271,-0.0007272958755493164,0.00021632015705108643
2018-05-15,-0.009016990661621094,-0.00874975323677063,-0.007777426391839981
2018-05-16,0.0020787715911865234,0.002324223518371582,0.0032569728791713715
2018-05-17,-0.0029344558715820312,-0.0026792287826538086,-0.001728694885969162
2018-05-18,-0.00459684431552887,-0.004338473081588745,-0.003382023423910141
2018-05-21,0.005310177803039551,0.0055494606494903564,0.006470780819654465
2018-05-22,-0.005016535520553589,-0.004757553339004517,-0.0037997588515281677
2018-05-23,0.001047670841217041,0.0012951791286468506,0.0022316202521324158
2018-05-24,-0.00400272011756897,-0.00374525785446167,-0.0027907490730285645
2018-05-25,-0.00439491868019104,-0.004137188196182251,-0.0031815804541110992
2018-05-29,-0.01355096697807312,-0.01327475905418396,-0.012286180630326271
2018-05-30,0.010600656270980835,0.010829746723175049,0.011732276529073715
2018-05-31,-0.00891926884651184,-0.008652269840240479,-0.007680252194404602
2018-06-01,0.008647561073303223,0.008880287408828735,0.009789694100618362
2018-06-04,0.002542838454246521,0.0027871429920196533,0.003718111664056778
2018-06-05,-0.001203387975692749,-0.0009518861770629883,-7.633119821548462e-06
2018-06-06,0.006357014179229736,0.006593853235244751,0.007511254400014877
2018-06-07,-0.002780705690383911,-0.0025260746479034424,-0.001576114445924759
2018-06-08,0.0011203885078430176,0.0013672411441802979,0.0023031942546367645
2018-06-11,-0.0007494837045669556,-0.0004991292953491211,0.0004433877766132355
2018-06-12,-0.00038564205169677734,-0.0001360177993774414,0.000805199146270752
2018-06-13,-0.005960822105407715,-0.0057003796100616455,-0.004739329218864441
2018-06-14,0.0005081743001937866,0.000755995512008667,0.0016940124332904816
2018-06-15,-0.003222718834877014,-0.0029674768447875977,-0.002016086131334305
2018-06-18,-0.004001036286354065,-0.0037443935871124268,-0.0027902983129024506
2018-06-19,-0.006062492728233337,-0.005801737308502197,-0.004840251058340073
2018-06-20,-0.0002478063106536865,1.4901161193847656e-06,0.0009421929717063904
2018-06-21,-0.008450478315353394,-0.00818490982055664,-0.007214851677417755
2018-06-22,-0.0002034306526184082,4.589557647705078e-05,0.000986531376838684
2018-06-25,-0.015739917755126953,-0.015459328889846802,-0.01446281373500824
2018-06-26,0.00015866756439208984,0.00040781497955322266,0.0013474524021148682
2018-06-27,-0.010533332824707031,-0.010262638330459595,-0.009284541010856628
